Item ID,Item Type,Amount,X,Y,Z
FGItemPickup_Spawnable126,IronPlateReinforced,11,231370.84375,26972.134765625,-1765.5849609375
FGItemPickup_Spawnable127,NuclearWaste,15,232295.546875,26098.9453125,-1781.39453125
FGItemPickup_Spawnable128,Wire,291,232561.03125,27160.814453125,-1810.065673828125
FGItemPickup_Spawnable129,Computer,20,233257.859375,26063.18359375,-1799.5023193359375
FGItemPickup_Spawnable130,Motor,30,232295.03125,26615.6875,-1810.9345703125
FGItemPickup_Spawnable131,IronPlateReinforced,60,231944.484375,26586.083984375,-1797.91259765625
FGItemPickup_Spawnable294,Wire,313,226769.1875,98895.34375,7164.18505859375
FGItemPickup_Spawnable295,Computer,24,225968.9375,97915.0390625,7185.23095703125
FGItemPickup_Spawnable296,Computer,10,227263.890625,97880.171875,7141.5849609375
FGItemPickup_Spawnable297,CircuitBoard,8,225747.609375,98460.859375,7228.22900390625
FGItemPickup_Spawnable298,AluminumPlateReinforced,7,225587.328125,98127.5390625,7230.50341796875
FGItemPickup_Spawnable299,IronPlateReinforced,18,226110.90625,97736.09375,7180.0908203125
FGItemPickup_Spawnable300,IronPlateReinforced,18,226482.078125,97313.5390625,7170.28369140625
FGItemPickup_Spawnable301,IronScrew,115,226810.28125,97699.03125,7157.64404296875
FGItemPickup_Spawnable302,CircuitBoardHighSpeed,13,261179.046875,124802.140625,-2777.343994140625
FGItemPickup_Spawnable303,ComputerSuper,11,262193.71875,124814.578125,-2713.397705078125
FGItemPickup_Spawnable304,ModularFrameHeavy,13,260166.96875,124587.8515625,-2777.3447265625
FGItemPickup_Spawnable305,IronPlateReinforced,19,259964.640625,125291.9765625,-2778.94384765625
FGItemPickup_Spawnable306,ModularFrameHeavy,18,258280.109375,124934.84375,-2781.59423828125
FGItemPickup_Spawnable307,CircuitBoard,19,260371.390625,123623.4921875,-2778.66943359375
FGItemPickup_Spawnable308,CircuitBoard,12,259236.859375,123894.6640625,-2777.3447265625
FGItemPickup_Spawnable309,Motor,11,261736.15625,123712.0625,-2775.123779296875
FGItemPickup_Spawnable63,Wire,363,45067.87890625,197075.34375,2258.2236328125
FGItemPickup_Spawnable64,IronPlateReinforced,17,289323.71875,74886.2890625,-1628.903564453125
FGItemPickup_Spawnable66,HighSpeedConnector,9,288168.125,73719.2734375,-1628.89990234375
FGItemPickup_Spawnable71,IronScrew,378,18737.01953125,-138362.109375,13420.08203125
FGItemPickup_Spawnable76,IronPlateReinforced,21,18123.55078125,-137324.53125,13577.875
FGItemPickup_Spawnable77,IronScrew,329,288399.84375,72807.1484375,-1628.2149658203125
FGItemPickup_Spawnable78,SteelPlateReinforced,12,289274.1875,74419.4609375,-1637.01220703125
FGItemPickup_Spawnable79,ModularFrameHeavy,21,285743.4375,72033.9140625,-1673.072021484375
FGItemPickup_Spawnable80,CircuitBoard,10,287600.90625,72901.5234375,-1645.74169921875
FGItemPickup_Spawnable81,Motor,14,287435.34375,74185.265625,-1661.71923828125
FGItemPickup_Spawnable82,CircuitBoard,12,289352.75,73166.59375,-1641.6983642578125
FGItemPickup_Spawnable83,Wire,325,198018.046875,45470.06640625,-1807.8525390625
FGItemPickup_Spawnable84,Cable,24,193007.21875,39675.75390625,-1620.84521484375
FGItemPickup_Spawnable85,Wire,444,190326.828125,38610.5703125,5877.3173828125
FGItemPickup_Spawnable86,Wire,392,192579.359375,39011.65234375,987.72705078125
FGItemPickup_Spawnable87,AluminumPlateReinforced,16,190477.0,37123.6875,5507.12451171875
FGItemPickup_Spawnable88,ModularFrame,9,194329.140625,39700.0703125,-1652.1875
FGItemPickup_Spawnable89,CircuitBoard,12,191101.984375,36861.296875,5535.3203125
FGItemPickup_Spawnable90,Wire,427,192629.59375,36650.62890625,-1725.2919921875
FGItemPickup_Spawnable91,AluminumPlateReinforced,15,216127.640625,408.1609802246094,-1655.0689697265625
FGItemPickup_Spawnable92,Motor,15,217802.265625,335.9231872558594,-1730.126220703125
FGItemPickup_Spawnable93,IronPlateReinforced,24,-28740.3046875,-129732.4609375,7949.38671875
FGItemPickup_Spawnable94,CircuitBoardHighSpeed,8,215546.390625,-783.1995849609375,-1613.0230712890625
FGItemPickup_Spawnable95,Motor,12,216726.359375,473.6912536621094,-1705.328125
FGItemPickup_Spawnable96,IronScrew,346,216432.359375,-1224.8953857421875,-1640.35107421875
FGItemPickup_Spawnable97,AluminumPlateReinforced,19,216328.15625,-739.9090576171875,-1665.0811767578125
FGItemPickup_Spawnable98,Computer,15,217330.515625,972.5528564453125,-1619.21142578125
FGItemPickup_Spawnable99,AluminumPlateReinforced,5,216100.125,-1539.2310791015625,-1666.547607421875
FGItemPickup_Spawnable_10,CircuitBoard,12,110022.9765625,-113377.2421875,11781.884765625
FGItemPickup_Spawnable_100,IronPlateReinforced,24,249155.828125,59067.734375,-1445.66943359375
FGItemPickup_Spawnable_101,IronScrew,237,251637.953125,59383.44140625,-1564.602294921875
FGItemPickup_Spawnable_102,IronScrew,438,248494.828125,59972.0078125,-1485.217529296875
FGItemPickup_Spawnable_11,CircuitBoard,9,109082.7578125,-112991.546875,11788.2978515625
FGItemPickup_Spawnable_23,ModularFrame,15,144496.921875,32961.734375,15528.9775390625
FGItemPickup_Spawnable_24,Cable,24,145711.828125,34515.2265625,15408.1708984375
FGItemPickup_Spawnable_25,Cable,96,145004.3125,34188.76171875,15467.826171875
FGItemPickup_Spawnable_26,Motor,13,145058.125,32417.65625,15524.8046875
FGItemPickup_Spawnable_27,IronScrew,72,146334.515625,34560.1484375,15400.6845703125
FGItemPickup_Spawnable_28,IronPlateReinforced,21,144484.375,35853.078125,17131.021484375
FGItemPickup_Spawnable_29,Cable,68,293279.75,1016.7784423828125,780.4026489257812
FGItemPickup_Spawnable_30,Cable,54,292835.03125,1582.736328125,711.8668212890625
FGItemPickup_Spawnable_31,Wire,200,291869.3125,1258.9287109375,775.042724609375
FGItemPickup_Spawnable_32,CircuitBoard,15,292607.28125,503.12652587890625,762.9261474609375
FGItemPickup_Spawnable_33,CircuitBoard,15,293750.59375,527.5992431640625,882.590087890625
FGItemPickup_Spawnable_34,ModularFrame,9,291832.59375,764.9041137695312,779.6865844726562
FGItemPickup_Spawnable_35,Cable,75,233357.90625,79638.4140625,-1565.639892578125
FGItemPickup_Spawnable_36,ModularFrame,12,232280.9375,79567.1875,-1565.630126953125
FGItemPickup_Spawnable_37,CircuitBoard,9,233558.03125,78844.3046875,-1544.7532958984375
FGItemPickup_Spawnable_38,IronScrew,327,232146.796875,79404.28125,-1565.63818359375
FGItemPickup_Spawnable_39,Motor,12,232804.125,78802.125,-1573.6727294921875
FGItemPickup_Spawnable_40,Cable,27,234107.3125,79252.546875,-1628.365966796875
FGItemPickup_Spawnable_41,IronScrew,189,157094.140625,-42538.99609375,8198.53125
FGItemPickup_Spawnable_42,AluminumPlateReinforced,8,155707.609375,-41759.640625,8633.0341796875
FGItemPickup_Spawnable_43,Motor,11,158353.171875,-41692.65625,8049.845703125
FGItemPickup_Spawnable_44,ModularFrame,16,156847.78125,-43497.3828125,8030.41650390625
FGItemPickup_Spawnable_45,IronScrew,252,158737.734375,-43153.0234375,7631.09716796875
FGItemPickup_Spawnable_46,CircuitBoard,8,157313.375,-42293.3359375,8161.58203125
FGItemPickup_Spawnable_47,Wire,437,206632.234375,-67634.1796875,3810.63818359375
FGItemPickup_Spawnable_48,Motor,9,207367.640625,-67547.0234375,3819.11181640625
FGItemPickup_Spawnable_49,SteelPlateReinforced,15,204777.40625,-69973.0,2579.138916015625
FGItemPickup_Spawnable_50,Wire,201,206024.796875,-69953.765625,2808.326416015625
FGItemPickup_Spawnable_51,ModularFrame,15,207814.328125,-69020.21875,3717.08837890625
FGItemPickup_Spawnable_52,ModularFrame,9,206817.203125,-68625.078125,3732.998779296875
FGItemPickup_Spawnable_53,Cable,84,88078.6875,-63722.6953125,13496.294921875
FGItemPickup_Spawnable_54,AluminumPlateReinforced,7,86792.5859375,-61700.6953125,13133.6240234375
FGItemPickup_Spawnable_55,ModularFrame,13,86561.625,-62357.96484375,13148.9541015625
FGItemPickup_Spawnable_56,CircuitBoard,9,86319.1796875,-64495.80859375,12820.240234375
FGItemPickup_Spawnable_57,Wire,222,87809.40625,-63027.49609375,13603.642578125
FGItemPickup_Spawnable_58,IronPlateReinforced,27,86110.5546875,-62930.265625,13106.98046875
FGItemPickup_Spawnable_59,IronPlateReinforced,21,47597.4375,197123.71875,2820.63818359375
FGItemPickup_Spawnable_6,Cable,18,110504.796875,-112047.8203125,11762.2099609375
FGItemPickup_Spawnable_60,Wire,363,46826.15625,197217.515625,2759.574462890625
FGItemPickup_Spawnable_61,IronPlateReinforced,30,47144.22265625,196419.484375,2797.73974609375
FGItemPickup_Spawnable_62,IronPlateReinforced,21,46515.85546875,196236.375,2784.818359375
FGItemPickup_Spawnable_65,Wire,368,-25887.431640625,-128781.421875,7935.04052734375
FGItemPickup_Spawnable_67,IronPlateReinforced,31,-25571.25,-129773.25,7992.4677734375
FGItemPickup_Spawnable_68,IronScrew,210,-25324.3671875,-129795.78125,8010.76318359375
FGItemPickup_Spawnable_69,Wire,213,-24674.17578125,-129360.34375,7973.7978515625
FGItemPickup_Spawnable_7,IronScrew,378,109364.5859375,-112281.9296875,11641.3896484375
FGItemPickup_Spawnable_70,CircuitBoard,11,-27198.37890625,-129874.640625,7717.8984375
FGItemPickup_Spawnable_72,Computer,17,16562.751953125,-138177.609375,13731.9658203125
FGItemPickup_Spawnable_73,Cable,33,18665.244140625,-137246.40625,13495.3359375
FGItemPickup_Spawnable_74,IronPlateReinforced,16,16015.4189453125,-137622.578125,13750.45703125
FGItemPickup_Spawnable_75,Cable,72,17210.734375,-136753.328125,13673.634765625
FGItemPickup_Spawnable_8,IronPlateReinforced,22,110888.109375,-112525.109375,11868.4423828125
FGItemPickup_Spawnable_80,IronScrew,135,272768.0625,30113.794921875,-1615.0579833984375
FGItemPickup_Spawnable_81,CircuitBoard,11,273254.5,28158.080078125,-1809.375732421875
FGItemPickup_Spawnable_82,Wire,223,272366.96875,28922.771484375,-1809.7352294921875
FGItemPickup_Spawnable_83,IronPlateReinforced,22,273503.59375,26546.388671875,-1578.2451171875
FGItemPickup_Spawnable_84,IronScrew,102,273327.96875,27791.0,-1809.3739013671875
FGItemPickup_Spawnable_85,ModularFrame,10,271261.375,29083.734375,-1708.522216796875
FGItemPickup_Spawnable_86,CircuitBoard,11,271686.40625,27356.55078125,-1809.37548828125
FGItemPickup_Spawnable_9,Wire,309,110111.0859375,-111904.421875,11765.615234375
FGItemPickup_Spawnable_95,IronPlateReinforced,12,250853.046875,60102.203125,-1496.645751953125
FGItemPickup_Spawnable_96,ModularFrameHeavy,12,249801.046875,59285.79296875,-1437.623291015625
FGItemPickup_Spawnable_97,IronPlateReinforced,19,250460.8125,59321.734375,-1433.701904296875
FGItemPickup_Spawnable_98,Computer,25,249400.921875,59871.02734375,-1460.5859375
FGItemPickup_Spawnable_99,IronPlateReinforced,20,249259.515625,58047.5859375,-1481.663330078125
FGItemPickup_Spawnable108,CircuitBoard,10,56129.52734375,-50151.3515625,13758.75
FGItemPickup_Spawnable11,IronPlateReinforced,24,-187606.390625,114795.3671875,-1386.001220703125
FGItemPickup_Spawnable114,IronPlateReinforced,10,295009.28125,-163982.765625,3519.533447265625
FGItemPickup_Spawnable115,ModularFrame,10,295110.71875,-163129.59375,3514.552001953125
FGItemPickup_Spawnable119,IronScrew,280,295677.96875,-165458.296875,3520.13134765625
FGItemPickup_Spawnable125,ModularFrame,10,295776.0625,-167728.765625,3559.474853515625
FGItemPickup_Spawnable158,Wire,417,119567.421875,221975.40625,-7437.6162109375
FGItemPickup_Spawnable163,Cable,57,96825.8515625,-145832.328125,7979.89794921875
FGItemPickup_Spawnable166,ModularFrameHeavy,15,99183.1484375,-147434.953125,10351.447265625
FGItemPickup_Spawnable170,AluminumPlateReinforced,9,125943.5859375,-34720.7421875,8162.86962890625
FGItemPickup_Spawnable171,Cable,51,125764.484375,-35113.58984375,8170.0849609375
FGItemPickup_Spawnable172,IronScrew,216,125050.125,-34622.0390625,8233.669921875
FGItemPickup_Spawnable173,Cable,72,126596.2109375,-35364.0,8106.1591796875
FGItemPickup_Spawnable174,Wire,255,125352.2578125,-36091.0390625,8045.48388671875
FGItemPickup_Spawnable175,ModularFrame,7,124111.84375,-35387.6484375,7921.1943359375
FGItemPickup_Spawnable176,ModularFrame,9,26611.44921875,195720.90625,16931.37890625
FGItemPickup_Spawnable182,Motor,8,296062.78125,-166729.59375,3519.53173828125
FGItemPickup_Spawnable183,CircuitBoard,30,117618.7890625,221585.078125,-7412.30224609375
FGItemPickup_Spawnable184,IronPlateReinforced,12,294514.28125,-165112.765625,3519.534423828125
FGItemPickup_Spawnable185,ModularFrameHeavy,6,234882.203125,-313032.15625,9920.2041015625
FGItemPickup_Spawnable186,CircuitBoardHighSpeed,9,235953.015625,-313224.875,9964.05078125
FGItemPickup_Spawnable187,AluminumPlateReinforced,6,118025.734375,221668.8125,-7381.54541015625
FGItemPickup_Spawnable188,CircuitBoardHighSpeed,19,90397.125,187805.046875,1741.690185546875
FGItemPickup_Spawnable190,HighSpeedConnector,23,47018.8125,222611.734375,4039.31787109375
FGItemPickup_Spawnable216_0,ModularFrameHeavy,6,173597.203125,-276759.71875,21471.4375
FGItemPickup_Spawnable220,Wire,216,28168.4296875,267939.03125,-1062.1102294921875
FGItemPickup_Spawnable221_221,CircuitBoard,9,-108362.8125,215959.78125,3126.4560546875
FGItemPickup_Spawnable222,CircuitBoard,15,34118.46875,268657.09375,-1471.355224609375
FGItemPickup_Spawnable223,SteelPlateReinforced,7,-108891.09375,212896.921875,3242.98046875
FGItemPickup_Spawnable224,Wire,204,-109053.265625,213740.984375,3227.959716796875
FGItemPickup_Spawnable225,ModularFrame,14,-153613.328125,73553.203125,10522.921875
FGItemPickup_Spawnable226,ModularFrame,15,-152207.703125,72852.21875,10106.6533203125
FGItemPickup_Spawnable227,ModularFrame,13,-110481.9296875,109933.78125,9562.341796875
FGItemPickup_Spawnable228,SteelPlateReinforced,17,-109598.3671875,109049.6015625,9923.1669921875
FGItemPickup_Spawnable229,IronPlateReinforced,9,-109462.1171875,110878.515625,9719.8896484375
FGItemPickup_Spawnable242,IronPlateReinforced,21,-114283.734375,167194.921875,373.7059326171875
FGItemPickup_Spawnable243,Cable,99,-129604.3984375,59803.33984375,4801.326171875
FGItemPickup_Spawnable244,Motor,9,47016.53125,222149.6875,6120.26171875
FGItemPickup_Spawnable245,Cable,69,46692.16015625,223604.5,4110.37158203125
FGItemPickup_Spawnable246,IronScrew,267,-160155.625,66090.1875,3552.4794921875
FGItemPickup_Spawnable247,Motor,32,-160579.453125,66578.9609375,3558.762939453125
FGItemPickup_Spawnable248,Computer,12,-160847.578125,66365.0546875,3560.591552734375
FGItemPickup_Spawnable249,ModularFrame,14,-160786.34375,66741.140625,3563.683349609375
FGItemPickup_Spawnable250,IronPlateReinforced,40,-161236.546875,66348.9921875,3614.402587890625
FGItemPickup_Spawnable251,SteelPlateReinforced,20,-160140.734375,66695.9609375,3577.893310546875
FGItemPickup_Spawnable252,Wire,342,-160480.328125,66054.0078125,3556.71484375
FGItemPickup_Spawnable253,Computer,32,-188903.890625,72700.265625,-192.7613525390625
FGItemPickup_Spawnable254,Motor,30,-188274.125,71648.6796875,-573.221435546875
FGItemPickup_Spawnable255,ModularFrame,12,-188760.609375,72126.296875,-266.91888427734375
FGItemPickup_Spawnable256,ModularFrame,16,-188123.15625,72729.0703125,-631.2926635742188
FGItemPickup_Spawnable257,IronPlateReinforced,19,-185115.78125,70321.6796875,-1105.6951904296875
FGItemPickup_Spawnable258,IronPlateReinforced,40,-188075.125,72176.28125,-527.7097778320312
FGItemPickup_Spawnable270,CircuitBoardHighSpeed,15,118680.046875,222372.015625,-7158.50830078125
FGItemPickup_Spawnable271,Motor,8,118042.625,220952.4375,-7432.63330078125
FGItemPickup_Spawnable272,IronPlateReinforced,18,119693.8359375,222749.5,-7419.046875
FGItemPickup_Spawnable274,Computer,18,97495.7421875,-148658.875,10382.4287109375
FGItemPickup_Spawnable277,IronPlateReinforced,33,157612.28125,192099.71875,-9372.8798828125
FGItemPickup_Spawnable278,IronPlateReinforced,24,159029.5625,192129.125,-9206.4814453125
FGItemPickup_Spawnable279,IronScrew,497,158099.0,191209.84375,-9148.7802734375
FGItemPickup_Spawnable280,Wire,335,156067.203125,193993.765625,-9727.7470703125
FGItemPickup_Spawnable281,IronScrew,192,184356.03125,221502.28125,-3815.6044921875
FGItemPickup_Spawnable282,IronPlateReinforced,9,185714.515625,222854.6875,-3540.82958984375
FGItemPickup_Spawnable283,ModularFrame,9,187018.28125,222832.09375,-3280.507568359375
FGItemPickup_Spawnable284,Wire,344,185256.796875,223715.90625,-3946.54833984375
FGItemPickup_Spawnable285,ModularFrame,12,185355.328125,223475.703125,-3857.445556640625
FGItemPickup_Spawnable286,Cable,72,185571.609375,221613.15625,-3564.143798828125
FGItemPickup_Spawnable287,AluminumPlateReinforced,5,177000.78125,242714.203125,-9722.71484375
FGItemPickup_Spawnable288,Wire,222,175828.046875,243234.390625,-9810.5146484375
FGItemPickup_Spawnable289,Computer,7,177267.5,243277.46875,-9676.19921875
FGItemPickup_Spawnable290,IronPlateReinforced,15,175180.4375,243729.46875,-9790.0400390625
FGItemPickup_Spawnable291,SteelPlateReinforced,15,177138.6875,243035.96875,-9703.8271484375
FGItemPickup_Spawnable292,SteelPlateReinforced,12,156533.421875,190941.5625,-9205.544921875
FGItemPickup_Spawnable293,Computer,21,157726.328125,190897.59375,-9131.7744140625
FGItemPickup_Spawnable363,CircuitBoardHighSpeed,10,235412.078125,-313192.09375,9968.087890625
FGItemPickup_Spawnable364,Computer,16,234464.0,-313291.3125,9923.5322265625
FGItemPickup_Spawnable365,ModularFrameHeavy,18,233179.59375,-313652.5625,9910.4140625
FGItemPickup_Spawnable366,Cable,30,235022.296875,-313515.25,9961.4287109375
FGItemPickup_Spawnable367,Wire,448,236115.078125,-313769.5625,9927.642578125
FGItemPickup_Spawnable368,Wire,167,235801.65625,-315678.40625,9944.9892578125
FGItemPickup_Spawnable369,SteelPlateReinforced,14,359651.625,-104843.515625,11318.4462890625
FGItemPickup_Spawnable370,SteelPlateReinforced,23,359571.96875,-105354.3828125,11440.541015625
FGItemPickup_Spawnable371,ComputerSuper,5,359753.4375,-105979.109375,11629.6630859375
FGItemPickup_Spawnable372,Wire,399,360320.5625,-104917.359375,11323.3212890625
FGItemPickup_Spawnable373,IronScrew,212,359876.03125,-105621.78125,11521.04296875
FGItemPickup_Spawnable374,Computer,17,359820.40625,-106066.4140625,11658.8515625
FGItemPickup_Spawnable375,AluminumPlateReinforced,7,359060.8125,-105503.2109375,11316.2978515625
FGItemPickup_Spawnable376,IronScrew,307,360704.96875,-105582.7890625,11478.259765625
FGItemPickup_Spawnable377,ModularFrameHeavy,13,348181.96875,-38258.7734375,-1671.869140625
FGItemPickup_Spawnable378,IronScrew,357,55558.06640625,-51036.23046875,13898.119140625
FGItemPickup_Spawnable379,Wire,336,56590.33203125,-50121.0078125,13741.1220703125
FGItemPickup_Spawnable380,ModularFrame,9,56803.28125,-50887.9609375,13836.421875
FGItemPickup_Spawnable382,ModularFrame,12,219262.203125,-198563.9375,6372.580078125
FGItemPickup_Spawnable383,ModularFrame,12,219814.90625,-200054.671875,6516.708984375
FGItemPickup_Spawnable384,ModularFrame,7,54671.06640625,-50960.1328125,13856.7529296875
FGItemPickup_Spawnable385,CircuitBoard,9,55081.3671875,-51676.390625,13961.5068359375
FGItemPickup_Spawnable386,CircuitBoard,12,67075.2890625,-12815.0068359375,13335.380859375
FGItemPickup_Spawnable387,IronPlateReinforced,20,67368.46875,-14421.033203125,13267.80078125
FGItemPickup_Spawnable388,ModularFrame,12,68288.859375,-13427.935546875,13261.2783203125
FGItemPickup_Spawnable389,IronScrew,357,65918.75,-13231.03515625,13321.375
FGItemPickup_Spawnable390,Cable,76,66563.28125,-14587.853515625,13272.0361328125
FGItemPickup_Spawnable391,ModularFrame,20,67764.03125,-14897.5361328125,13123.5615234375
FGItemPickup_Spawnable392,Battery,50,8034.36279296875,-42882.60546875,13110.591796875
FGItemPickup_Spawnable393,Motor,9,9460.02734375,-42518.71484375,13111.677734375
FGItemPickup_Spawnable394,Wire,144,9468.3212890625,-42814.66796875,13109.845703125
FGItemPickup_Spawnable395,IronScrew,249,8292.1123046875,-43558.30859375,13102.2265625
FGItemPickup_Spawnable396,Battery,30,9344.9091796875,-44025.51953125,13172.7705078125
FGItemPickup_Spawnable397_1,CircuitBoardHighSpeed,9,174590.21875,-276963.9375,21296.841796875
FGItemPickup_Spawnable398_2,CircuitBoardHighSpeed,10,174047.171875,-276926.09375,21407.494140625
FGItemPickup_Spawnable399_3,Computer,16,173095.09375,-276975.46875,21560.216796875
FGItemPickup_Spawnable400_4,ModularFrameHeavy,18,174224.0,-276195.9375,21336.693359375
FGItemPickup_Spawnable401_5,Cable,30,173639.84375,-277230.40625,21452.0859375
FGItemPickup_Spawnable402_6,Wire,448,174729.59375,-277512.78125,21232.640625
FGItemPickup_Spawnable403_7,Wire,167,175299.734375,-276398.28125,21102.853515625
FGItemPickup_Spawnable404_8,ModularFrameHeavy,6,160534.6875,-144781.65625,23165.2578125
FGItemPickup_Spawnable405_9,CircuitBoardHighSpeed,9,159464.046875,-144588.21875,23165.767578125
FGItemPickup_Spawnable406,Computer,16,160953.09375,-144522.796875,23178.15234375
FGItemPickup_Spawnable407,ModularFrameHeavy,18,159816.90625,-145340.765625,23166.4921875
FGItemPickup_Spawnable408,Cable,30,160394.96875,-144298.484375,23177.5546875
FGItemPickup_Spawnable409,Wire,448,159302.421875,-144043.421875,23177.15234375
FGItemPickup_Spawnable410,Wire,167,158729.96875,-145159.203125,23176.71875
FGItemPickup_Spawnable411_10,ModularFrameHeavy,6,-50335.30859375,-208781.65625,23355.421875
FGItemPickup_Spawnable412_11,CircuitBoardHighSpeed,9,-51405.953125,-208588.21875,23390.951171875
FGItemPickup_Spawnable413_12,Computer,16,-49916.8984375,-208522.796875,23358.79296875
FGItemPickup_Spawnable414_13,ModularFrameHeavy,18,-51053.08984375,-209340.765625,23345.04296875
FGItemPickup_Spawnable415_14,Cable,30,-50475.0234375,-208298.484375,23387.005859375
FGItemPickup_Spawnable416_15,Wire,448,-51567.578125,-208043.421875,23397.3359375
FGItemPickup_Spawnable417,Wire,167,-52140.03125,-209159.203125,23390.9765625
FGItemPickup_Spawnable418,ModularFrame,13,-4290.48876953125,-75665.9375,13564.21484375
FGItemPickup_Spawnable419,AluminumPlateReinforced,9,-5378.39208984375,-76313.8828125,13658.5048828125
FGItemPickup_Spawnable420,ModularFrame,14,-3421.11328125,-75432.3984375,13231.51171875
FGItemPickup_Spawnable421,ModularFrame,8,-3431.86669921875,-76282.2890625,13259.4111328125
FGItemPickup_Spawnable422,ModularFrame,13,-5212.16650390625,-76099.3828125,13642.1337890625
FGItemPickup_Spawnable423,CircuitBoard,12,-3199.90380859375,-76227.40625,13217.6904296875
FGItemPickup_Spawnable424,ModularFrameHeavy,6,200307.3125,133345.1875,6776.94091796875
FGItemPickup_Spawnable425,CircuitBoardHighSpeed,9,199627.203125,132198.03125,6394.90185546875
FGItemPickup_Spawnable426,Computer,16,200173.125,134061.03125,6622.03466796875
FGItemPickup_Spawnable427_6,ModularFrameHeavy,18,200044.796875,132766.6875,6591.65625
FGItemPickup_Spawnable428_7,Wire,448,200488.09375,132008.90625,6471.48193359375
FGItemPickup_Spawnable429_8,Wire,167,200954.96875,132790.796875,6797.27099609375
FGItemPickup_Spawnable430,Wire,423,-80321.8515625,293190.0,-4996.99560546875
FGItemPickup_Spawnable431,IronScrew,186,-78305.296875,292701.0,-4818.6552734375
FGItemPickup_Spawnable432,IronScrew,189,-79461.78125,294128.75,-4941.32421875
FGItemPickup_Spawnable433,IronScrew,500,-80777.671875,292760.9375,-5013.4443359375
FGItemPickup_Spawnable434,AluminumPlateReinforced,9,90771.6875,131123.03125,9555.6474609375
FGItemPickup_Spawnable435,ModularFrame,7,89425.125,129746.421875,9010.458984375
FGItemPickup_Spawnable436,Motor,12,90997.84375,129580.0625,9063.462890625
FGItemPickup_Spawnable437,IronPlateReinforced,21,91142.421875,130047.25,8992.1630859375
FGItemPickup_Spawnable438,IronScrew,146,90014.453125,131578.109375,8640.4140625
FGItemPickup_Spawnable439,Wire,423,-151735.3125,228939.96875,848.00439453125
FGItemPickup_Spawnable440,IronScrew,186,-152814.265625,229748.234375,996.3447265625
FGItemPickup_Spawnable441,IronScrew,189,-152943.4375,229333.1875,933.67578125
FGItemPickup_Spawnable442,IronScrew,500,-151403.34375,229343.109375,866.5556640625
FGItemPickup_Spawnable73,ModularFrame,8,-190105.03125,74905.6015625,4903.857421875
FGItemPickup_Spawnable79,IronPlateReinforced,40,-190241.28125,74699.0546875,4946.5419921875
FGItemPickup_Spawnable_0,Wire,435,46042.9921875,140713.875,13197.767578125
FGItemPickup_Spawnable_1,AluminumPlateReinforced,9,150406.6875,147653.03125,7555.6474609375
FGItemPickup_Spawnable_10,CircuitBoard,12,-188587.40625,116536.609375,-1669.98974609375
FGItemPickup_Spawnable_100,IronScrew,456,97433.671875,-145894.4375,7990.63134765625
FGItemPickup_Spawnable_101,ModularFrame,12,98143.3203125,-147003.03125,8023.2314453125
FGItemPickup_Spawnable_102,Cable,78,96269.5,-146662.234375,8017.20947265625
FGItemPickup_Spawnable_103,IronScrew,399,96911.6328125,-147900.09375,8017.1240234375
FGItemPickup_Spawnable_104,Motor,11,98448.2265625,-146908.265625,8004.73388671875
FGItemPickup_Spawnable_105,IronScrew,498,170487.53125,-11118.49609375,15880.1103515625
FGItemPickup_Spawnable_106,SteelPlateReinforced,20,170161.734375,-11475.8408203125,15893.74609375
FGItemPickup_Spawnable_107,AluminumPlateReinforced,12,170720.265625,-11316.5966796875,15895.1669921875
FGItemPickup_Spawnable_108,ModularFrameHeavy,21,177121.96875,-276987.25,20727.33203125
FGItemPickup_Spawnable_109,HighSpeedConnector,20,348902.9375,-39599.6171875,-1616.1807861328125
FGItemPickup_Spawnable_11,IronPlateReinforced,44,-187875.546875,71388.0703125,-697.8509521484375
FGItemPickup_Spawnable_110,IronScrew,450,349642.96875,-39581.72265625,-1588.132568359375
FGItemPickup_Spawnable_111,SteelPlateReinforced,11,349924.96875,-40400.71484375,-1651.5794677734375
FGItemPickup_Spawnable_112,ModularFrameHeavy,13,349129.84375,-39637.6171875,-1606.269775390625
FGItemPickup_Spawnable_113,IronPlateReinforced,17,347288.65625,-39441.56640625,-1760.630859375
FGItemPickup_Spawnable_114,ModularFrameHeavy,16,175540.984375,-279371.03125,20994.3203125
FGItemPickup_Spawnable_115,Wire,284,175782.171875,-277771.53125,21010.294921875
FGItemPickup_Spawnable_116,IronScrew,395,300995.21875,-255857.375,2111.068359375
FGItemPickup_Spawnable_117,ModularFrame,8,301019.5625,-256313.828125,2230.154541015625
FGItemPickup_Spawnable_118,Wire,327,302815.21875,-254694.5,1908.1522216796875
FGItemPickup_Spawnable_119,ModularFrameHeavy,11,277168.65625,-51798.62109375,6020.02490234375
FGItemPickup_Spawnable_12,Wire,423,-44581.8515625,146370.0,7328.00439453125
FGItemPickup_Spawnable_120,IronScrew,414,301744.4375,-255806.375,2051.5625
FGItemPickup_Spawnable_121,IronScrew,146,150304.453125,148768.109375,7360.41357421875
FGItemPickup_Spawnable_122,Wire,309,301953.375,-254978.453125,1957.49462890625
FGItemPickup_Spawnable_123,IronScrew,255,301722.09375,-256761.640625,2208.436279296875
FGItemPickup_Spawnable_124,ModularFrame,12,302213.0,-255589.515625,1989.7408447265625
FGItemPickup_Spawnable_125,Wire,255,277738.46875,-51623.83203125,6003.09130859375
FGItemPickup_Spawnable_126,CircuitBoard,11,-95896.1171875,39858.34765625,21268.359375
FGItemPickup_Spawnable_127,Wire,275,-95743.765625,39565.9453125,21226.904296875
FGItemPickup_Spawnable_128,Motor,8,-94849.125,40277.6171875,21251.78515625
FGItemPickup_Spawnable_129,Wire,372,-92996.828125,42050.4765625,19597.966796875
FGItemPickup_Spawnable_13,IronPlateReinforced,16,-188556.375,72051.140625,-360.24981689453125
FGItemPickup_Spawnable_130,Computer,17,-96749.6328125,40162.33984375,21343.921875
FGItemPickup_Spawnable_131,Computer,27,-92707.2265625,38212.01953125,19526.572265625
FGItemPickup_Spawnable_132,AluminumPlateReinforced,5,163711.84375,60883.09765625,21242.794921875
FGItemPickup_Spawnable_133,IronScrew,225,163534.3125,60703.8828125,21243.17578125
FGItemPickup_Spawnable_134,Wire,192,163557.390625,60207.2109375,21223.40234375
FGItemPickup_Spawnable_135,IronScrew,489,164582.9375,60518.96875,21233.751953125
FGItemPickup_Spawnable_136,Wire,483,164422.5,60230.91015625,21238.572265625
FGItemPickup_Spawnable_137,Motor,7,162918.578125,59852.73046875,21212.40625
FGItemPickup_Spawnable_138,ModularFrame,12,233836.390625,-19940.427734375,8802.5009765625
FGItemPickup_Spawnable_139,IronPlateReinforced,12,233224.375,-20616.935546875,8804.9365234375
FGItemPickup_Spawnable_14,SteelPlateReinforced,12,85476.2578125,99029.578125,10004.3330078125
FGItemPickup_Spawnable_140,IronPlateReinforced,28,233033.78125,-20777.0,8806.404296875
FGItemPickup_Spawnable_141,IronScrew,500,233683.0625,-21278.921875,8803.125
FGItemPickup_Spawnable_142,Wire,370,233370.171875,-20183.31640625,8804.0
FGItemPickup_Spawnable_143,IronPlateReinforced,28,232064.203125,-20436.078125,8843.8388671875
FGItemPickup_Spawnable_144,Battery,30,93607.5546875,47979.890625,9573.4423828125
FGItemPickup_Spawnable_145,Cable,76,94157.7734375,48910.375,9915.251953125
FGItemPickup_Spawnable_146,ModularFrame,16,92835.6875,48591.11328125,9700.2587890625
FGItemPickup_Spawnable_147,ModularFrame,16,95125.46875,48895.3203125,9907.1123046875
FGItemPickup_Spawnable_148,IronScrew,474,93176.234375,48432.953125,9709.912109375
FGItemPickup_Spawnable_149,Cable,80,-258934.203125,105398.8515625,-1632.1064453125
FGItemPickup_Spawnable_15,IronPlateReinforced,21,83869.375,99601.171875,10004.70703125
FGItemPickup_Spawnable_150,Computer,8,169482.34375,-11579.763671875,15894.2265625
FGItemPickup_Spawnable_151,IronScrew,480,169776.421875,-11474.5791015625,15898.0068359375
FGItemPickup_Spawnable_152,Wire,453,170139.53125,-11887.1884765625,15905.5126953125
FGItemPickup_Spawnable_153,ModularFrameHeavy,10,-259476.015625,104357.8671875,-1630.65673828125
FGItemPickup_Spawnable_154,ModularFrameHeavy,9,-259121.546875,105045.3125,-1631.081787109375
FGItemPickup_Spawnable_155,Computer,21,-259712.78125,105860.84375,-1625.68212890625
FGItemPickup_Spawnable_156,IronPlateReinforced,30,-260075.59375,104413.9296875,-1626.46142578125
FGItemPickup_Spawnable_157,Cable,98,-260694.328125,104492.234375,-1622.755859375
FGItemPickup_Spawnable_158,SteelPlateReinforced,15,-95247.21875,40307.87890625,21257.9765625
FGItemPickup_Spawnable_159,IronPlateReinforced,12,79628.0703125,-44004.15625,8279.595703125
FGItemPickup_Spawnable_16,IronScrew,285,82022.515625,98933.7890625,10005.232421875
FGItemPickup_Spawnable_160,ModularFrame,7,78786.3125,-43994.53125,8258.4951171875
FGItemPickup_Spawnable_161,IronScrew,204,78636.734375,-44323.12890625,8274.7138671875
FGItemPickup_Spawnable_162,IronPlateReinforced,9,80432.9296875,-44520.29296875,8320.8046875
FGItemPickup_Spawnable_163,Wire,212,-94328.8125,39589.4375,21092.5859375
FGItemPickup_Spawnable_164,ModularFrame,12,77650.75,-44877.21484375,8223.3916015625
FGItemPickup_Spawnable_165,Battery,21,110957.8125,-54489.4765625,17065.1171875
FGItemPickup_Spawnable_166,ModularFrameHeavy,15,-154471.953125,36111.95703125,18985.57421875
FGItemPickup_Spawnable_167,Cable,15,110679.359375,-54818.84765625,17136.23046875
FGItemPickup_Spawnable_168,CircuitBoard,15,111403.9609375,-55144.9296875,17162.556640625
FGItemPickup_Spawnable_169,IronPlateReinforced,21,111642.0625,-55037.44140625,17351.001953125
FGItemPickup_Spawnable_17,Wire,324,82295.171875,98123.8828125,10008.595703125
FGItemPickup_Spawnable_170,CircuitBoard,27,127869.875,-116180.625,-1477.23193359375
FGItemPickup_Spawnable_171,CircuitBoard,7,127742.6484375,-118248.53125,-1476.880615234375
FGItemPickup_Spawnable_172,SteelPlateReinforced,21,126109.296875,-116885.4140625,-1477.343505859375
FGItemPickup_Spawnable_173,ModularFrame,12,127274.7578125,-117414.9609375,-1435.882568359375
FGItemPickup_Spawnable_174,IronScrew,441,126479.953125,-117958.609375,-1477.340087890625
FGItemPickup_Spawnable_175,IronPlateReinforced,15,128249.796875,-116981.421875,-1477.342529296875
FGItemPickup_Spawnable_176,SteelPlateReinforced,8,-184160.234375,69086.2734375,12069.8212890625
FGItemPickup_Spawnable_177,Cable,99,-129795.6796875,60511.89453125,4809.26025390625
FGItemPickup_Spawnable_178,SteelPlateReinforced,9,-130111.9921875,60072.16015625,4795.48486328125
FGItemPickup_Spawnable_179,Motor,12,-131059.9765625,60429.984375,3187.509765625
FGItemPickup_Spawnable_18,Cable,58,84023.03125,98980.8203125,10004.716796875
FGItemPickup_Spawnable_180,IronPlateReinforced,12,-129019.375,59456.49609375,4758.45166015625
FGItemPickup_Spawnable_181,Wire,366,-128665.609375,60524.65234375,4773.88330078125
FGItemPickup_Spawnable_182,ModularFrameHeavy,21,275052.71875,-50529.34375,5993.75390625
FGItemPickup_Spawnable_183,IronScrew,463,-152378.203125,34557.34375,19195.9296875
FGItemPickup_Spawnable_184,AluminumPlateReinforced,16,172808.484375,-279627.25,21412.541015625
FGItemPickup_Spawnable_185,IronScrew,242,173964.703125,-279098.65625,21273.56640625
FGItemPickup_Spawnable_186,IronScrew,296,219657.640625,-199118.71875,6446.3505859375
FGItemPickup_Spawnable_187,Computer,9,-153679.53125,34932.65625,19217.33203125
FGItemPickup_Spawnable_188,Wire,450,-183688.453125,68648.453125,12081.697265625
FGItemPickup_Spawnable_189,Wire,69,46329.203125,221775.015625,5859.3564453125
FGItemPickup_Spawnable_19,IronScrew,54,83387.2265625,97835.390625,10005.9208984375
FGItemPickup_Spawnable_190,ModularFrame,12,-183946.84375,68712.9375,12120.958984375
FGItemPickup_Spawnable_191,Motor,9,48924.5546875,220677.546875,3852.7109375
FGItemPickup_Spawnable_192,Cable,69,50621.30078125,222063.859375,3480.5908203125
FGItemPickup_Spawnable_193,Battery,40,67408.4765625,158110.09375,13263.5322265625
FGItemPickup_Spawnable_194,AluminumPlateReinforced,9,67124.6171875,156883.859375,13563.732421875
FGItemPickup_Spawnable_195,SteelPlateReinforced,15,66120.8515625,156437.671875,13870.6845703125
FGItemPickup_Spawnable_196,ModularFrame,12,67027.9765625,157631.5,13437.08203125
FGItemPickup_Spawnable_197,IronScrew,382,67388.9609375,156399.578125,13495.1103515625
FGItemPickup_Spawnable_198,CircuitBoard,12,66849.359375,155764.984375,13773.4453125
FGItemPickup_Spawnable_199,Battery,43,277145.59375,-50578.61328125,5993.75244140625
FGItemPickup_Spawnable_2,CircuitBoard,6,45180.69140625,141151.75,13212.0380859375
FGItemPickup_Spawnable_20,Motor,20,-188567.59375,72639.921875,-305.8534851074219
FGItemPickup_Spawnable_200,ModularFrameLightweight,5,276884.0,-50383.72265625,5993.75244140625
FGItemPickup_Spawnable_201,Wire,318,276077.1875,-49981.390625,5987.181640625
FGItemPickup_Spawnable_202,IronPlateReinforced,15,276117.25,-50248.83203125,5991.087890625
FGItemPickup_Spawnable_203,IronScrew,315,-89960.359375,-50796.19921875,15968.337890625
FGItemPickup_Spawnable_204,Computer,8,-89769.3515625,-51167.1484375,16002.71875
FGItemPickup_Spawnable_205,IronPlateReinforced,9,-88291.1171875,-51296.140625,16007.26953125
FGItemPickup_Spawnable_206,Motor,7,-90319.7578125,-50407.9140625,15911.5615234375
FGItemPickup_Spawnable_207,Wire,348,-88650.25,-50659.7109375,16070.8544921875
FGItemPickup_Spawnable_208,HighSpeedConnector,7,-91377.5625,-49960.71875,15867.171875
FGItemPickup_Spawnable_209,Computer,9,-28872.89453125,-22417.359375,17486.8984375
FGItemPickup_Spawnable_21,CircuitBoard,7,-107977.859375,214070.734375,3162.016357421875
FGItemPickup_Spawnable_210,Computer,9,-28112.5859375,-23045.333984375,17429.55078125
FGItemPickup_Spawnable_211,Wire,354,-28316.51171875,-22989.21484375,17434.9921875
FGItemPickup_Spawnable_212,Cable,63,-28296.3359375,-23287.525390625,17423.87109375
FGItemPickup_Spawnable_213,CircuitBoard,19,175099.890625,-279669.71875,21057.16015625
FGItemPickup_Spawnable_214,Wire,216,-56150.7890625,-73709.484375,27594.462890625
FGItemPickup_Spawnable_215,IronPlateReinforced,15,-54981.48828125,-72515.15625,27838.58984375
FGItemPickup_Spawnable_217,ModularFrame,12,-56761.90234375,-72555.2890625,27634.7109375
FGItemPickup_Spawnable_218,Cable,24,-55605.59765625,-73633.65625,27661.8046875
FGItemPickup_Spawnable_219,CircuitBoard,5,-56776.03125,-71513.1328125,27148.20703125
FGItemPickup_Spawnable_22,SteelPlateReinforced,12,-109305.640625,214466.796875,3242.98046875
FGItemPickup_Spawnable_220,Motor,24,-184378.375,69178.640625,11982.892578125
FGItemPickup_Spawnable_221,IronScrew,168,-183045.078125,68546.7734375,14269.1513671875
FGItemPickup_Spawnable_222,AluminumPlateReinforced,12,-182774.625,68544.953125,14357.2431640625
FGItemPickup_Spawnable_224,Wire,304,-182597.40625,68461.4765625,14336.8935546875
FGItemPickup_Spawnable_225,ModularFrame,12,-125093.4609375,-167337.09375,29447.80078125
FGItemPickup_Spawnable_226,IronScrew,176,-183129.59375,68324.9296875,14255.4482421875
FGItemPickup_Spawnable_227,IronScrew,462,-168044.8125,63349.9296875,11076.375
FGItemPickup_Spawnable_228,AluminumPlateReinforced,20,-168280.65625,63470.78125,11056.9189453125
FGItemPickup_Spawnable_229,Computer,20,-168314.984375,63167.98828125,11252.412109375
FGItemPickup_Spawnable_23,Cable,64,-187842.65625,72445.7890625,-443.74151611328125
FGItemPickup_Spawnable_230,IronPlateReinforced,33,19718.93359375,132691.171875,1901.684326171875
FGItemPickup_Spawnable_231,SteelPlateReinforced,30,20712.509765625,132066.8125,2390.35400390625
FGItemPickup_Spawnable_232,Wire,192,20514.240234375,131534.5625,2550.554443359375
FGItemPickup_Spawnable_233,IronPlateReinforced,30,20958.03515625,130476.96875,3079.46533203125
FGItemPickup_Spawnable_234,ModularFrame,9,18752.45703125,132338.546875,1788.9111328125
FGItemPickup_Spawnable_235,SteelPlateReinforced,27,21964.65625,131248.890625,2987.078125
FGItemPickup_Spawnable_236,Motor,9,-9041.73046875,229522.53125,-785.4263916015625
FGItemPickup_Spawnable_237,Wire,306,-8533.3603515625,227361.046875,-1118.7509765625
FGItemPickup_Spawnable_238,Motor,21,-10664.06640625,227407.75,-989.3981323242188
FGItemPickup_Spawnable_239,IronPlateReinforced,12,-10498.9638671875,228814.265625,-844.0543212890625
FGItemPickup_Spawnable_24,Wire,255,-107459.3515625,214747.234375,3115.814697265625
FGItemPickup_Spawnable_240,Wire,186,-10352.6123046875,226595.796875,-1046.358154296875
FGItemPickup_Spawnable_241,IronPlateReinforced,27,-9378.201171875,227233.515625,-1119.7935791015625
FGItemPickup_Spawnable_242,SteelPlateReinforced,20,-167798.84375,63551.171875,10936.5634765625
FGItemPickup_Spawnable_243,Wire,371,-168502.203125,63384.23828125,11055.8662109375
FGItemPickup_Spawnable_244,Computer,9,-123595.1328125,-166867.5,29221.16015625
FGItemPickup_Spawnable_245,IronPlateReinforced,33,-122947.9453125,-166338.90625,29127.017578125
FGItemPickup_Spawnable_246,IronPlateReinforced,33,-146310.46875,-136176.46875,1721.1387939453125
FGItemPickup_Spawnable_247,ModularFrame,12,-145845.8125,-134125.75,763.67138671875
FGItemPickup_Spawnable_248,IronScrew,87,-147235.546875,-132896.546875,785.153564453125
FGItemPickup_Spawnable_249,Computer,21,-145427.140625,-138576.609375,2963.0361328125
FGItemPickup_Spawnable_25,Cable,90,-188485.578125,72928.1484375,-445.5118103027344
FGItemPickup_Spawnable_250,IronScrew,432,-146786.859375,-136950.390625,2439.25146484375
FGItemPickup_Spawnable_251,ModularFrame,9,-145050.078125,-136725.078125,1925.7197265625
FGItemPickup_Spawnable_252,ModularFrameHeavy,12,-175631.046875,-195938.453125,-1618.96484375
FGItemPickup_Spawnable_253,Motor,9,-175686.953125,-197525.078125,-1802.9697265625
FGItemPickup_Spawnable_254,IronPlateReinforced,24,-174045.484375,-196841.109375,-1731.7301025390625
FGItemPickup_Spawnable_255,IronScrew,180,-175610.8125,-196943.6875,-1742.11572265625
FGItemPickup_Spawnable_256,SteelPlateReinforced,27,-176217.5,-197042.859375,-1736.2357177734375
FGItemPickup_Spawnable_257,ModularFrame,12,-174539.171875,-196369.46875,-1706.540771484375
FGItemPickup_Spawnable_258,SteelPlateReinforced,30,-246834.890625,-142409.46875,4422.501953125
FGItemPickup_Spawnable_259,SteelPlateReinforced,18,-244392.140625,-143324.046875,4443.34716796875
FGItemPickup_Spawnable_26,AluminumPlateReinforced,11,146003.59375,93424.921875,25519.1015625
FGItemPickup_Spawnable_260,Cable,96,-246040.21875,-143134.703125,4418.40380859375
FGItemPickup_Spawnable_261,Computer,9,-245172.046875,-141918.0625,4426.14794921875
FGItemPickup_Spawnable_262,Motor,21,-247510.046875,-142763.375,4422.388671875
FGItemPickup_Spawnable_263,SteelPlateReinforced,24,-247410.8125,-143308.265625,4418.7626953125
FGItemPickup_Spawnable_264,CircuitBoard,24,-238194.984375,17593.333984375,19225.06640625
FGItemPickup_Spawnable_265,ModularFrameHeavy,12,-239048.859375,16917.83984375,19277.521484375
FGItemPickup_Spawnable_266,Computer,12,-237678.734375,16784.80078125,19540.06640625
FGItemPickup_Spawnable_267,Computer,24,-237603.859375,14652.9287109375,18980.046875
FGItemPickup_Spawnable_268,Computer,18,-236115.625,16169.896484375,19654.626953125
FGItemPickup_Spawnable_269,IronPlateReinforced,30,-237530.34375,16183.21484375,19583.283203125
FGItemPickup_Spawnable_27,AluminumPlateReinforced,7,144686.0625,93143.578125,25491.591796875
FGItemPickup_Spawnable_270,IronScrew,114,-152065.734375,33089.36328125,19042.83203125
FGItemPickup_Spawnable_271,ModularFrameHeavy,15,186333.796875,175904.671875,6397.9912109375
FGItemPickup_Spawnable_272,Computer,21,185597.765625,175765.875,6298.484375
FGItemPickup_Spawnable_273,Cable,54,186540.296875,175011.09375,6436.8291015625
FGItemPickup_Spawnable_274,Wire,234,187602.4375,174990.546875,6607.6689453125
FGItemPickup_Spawnable_275,Wire,180,188018.75,175713.015625,6644.56787109375
FGItemPickup_Spawnable_276,IronPlateReinforced,15,184597.671875,177722.21875,6207.767578125
FGItemPickup_Spawnable_277,ComputerSuper,8,-153445.875,33929.85546875,19126.90625
FGItemPickup_Spawnable_278,ModularFrameHeavy,19,-154630.859375,34325.85546875,18991.302734375
FGItemPickup_Spawnable_279,CircuitBoard,10,-153435.8125,33392.66796875,19064.166015625
FGItemPickup_Spawnable_28,Cable,87,151336.234375,147603.921875,7577.341796875
FGItemPickup_Spawnable_280,Computer,15,-154801.65625,34879.453125,18988.240234375
FGItemPickup_Spawnable_281,AluminumPlateReinforced,6,-155620.75,-5578.88427734375,25214.037109375
FGItemPickup_Spawnable_282,CircuitBoard,14,-156246.515625,-4439.60888671875,25330.05078125
FGItemPickup_Spawnable_283,CircuitBoardHighSpeed,6,-155872.171875,-6185.9208984375,25172.982421875
FGItemPickup_Spawnable_284,Wire,286,-156988.234375,-5252.7275390625,25368.75390625
FGItemPickup_Spawnable_285,ModularFrameHeavy,9,-155836.03125,-4632.30126953125,25363.203125
FGItemPickup_Spawnable_286,Battery,44,-156331.3125,-6317.091796875,25134.35546875
FGItemPickup_Spawnable_287,IronPlateReinforced,16,-156654.421875,-5633.10693359375,25367.830078125
FGItemPickup_Spawnable_288,Computer,21,-40917.46875,64804.58984375,25682.998046875
FGItemPickup_Spawnable_289,ModularFrame,11,-40177.77734375,64030.921875,25802.1171875
FGItemPickup_Spawnable_29,CircuitBoard,12,143274.671875,92166.25,24666.37109375
FGItemPickup_Spawnable_290,ModularFrame,7,-41399.7890625,63711.11328125,25820.677734375
FGItemPickup_Spawnable_291,Wire,332,-40575.125,63121.19921875,25892.126953125
FGItemPickup_Spawnable_292,Computer,17,-39661.328125,63608.25,25834.751953125
FGItemPickup_Spawnable_293,Motor,13,-42224.8828125,63070.0859375,25885.6171875
FGItemPickup_Spawnable_294,SteelPlateReinforced,21,-40427.3671875,62198.91015625,25992.40234375
FGItemPickup_Spawnable_295,Wire,407,-77489.9609375,91385.4921875,20040.427734375
FGItemPickup_Spawnable_296,ModularFrameHeavy,14,-77519.8671875,91844.625,20137.361328125
FGItemPickup_Spawnable_297,HighSpeedConnector,8,-78929.7109375,90737.953125,20377.140625
FGItemPickup_Spawnable_298,Battery,28,-78228.7578125,90182.84375,20311.048828125
FGItemPickup_Spawnable_299,IronPlateReinforced,17,-77463.984375,89434.8515625,20306.990234375
FGItemPickup_Spawnable_3,CircuitBoard,8,45296.38671875,140292.5,13269.2421875
FGItemPickup_Spawnable_30,CircuitBoard,15,144052.78125,91804.1796875,24903.412109375
FGItemPickup_Spawnable_300,IronPlateReinforced,21,-74482.5234375,87229.2890625,19998.0390625
FGItemPickup_Spawnable_301,SteelPlateReinforced,15,-77779.328125,90751.3828125,20034.4296875
FGItemPickup_Spawnable_302,Wire,312,-76377.1796875,90514.625,20167.9609375
FGItemPickup_Spawnable_303,IronPlateReinforced,12,-115725.1328125,73602.5859375,17384.779296875
FGItemPickup_Spawnable_304,ComputerSuper,5,-117723.4765625,73388.3359375,17227.931640625
FGItemPickup_Spawnable_305,IronScrew,337,-116538.8203125,73655.53125,17304.240234375
FGItemPickup_Spawnable_306,Wire,150,-118566.1484375,74329.8828125,17014.283203125
FGItemPickup_Spawnable_307,IronPlateReinforced,22,-117802.3984375,74187.1875,17111.255859375
FGItemPickup_Spawnable_308,ModularFrameHeavy,9,-118697.78125,75397.953125,17049.4609375
FGItemPickup_Spawnable_309,SteelPlateReinforced,14,-117733.5078125,74789.84375,17031.76953125
FGItemPickup_Spawnable_31,Computer,7,-156688.8125,-63560.84765625,12114.9970703125
FGItemPickup_Spawnable_310,CircuitBoard,11,-116959.6328125,74396.3125,17165.810546875
FGItemPickup_Spawnable_311,Wire,434,-94565.3359375,7984.85400390625,25144.513671875
FGItemPickup_Spawnable_312,ModularFrameHeavy,21,-95449.90625,7345.19775390625,25139.763671875
FGItemPickup_Spawnable_313,Computer,11,-95787.703125,7692.36669921875,25136.24609375
FGItemPickup_Spawnable_314,IronPlateReinforced,19,-94506.359375,6837.97802734375,25147.591796875
FGItemPickup_Spawnable_315,Computer,21,-94111.6640625,6333.10546875,25142.390625
FGItemPickup_Spawnable_316,IronPlateReinforced,15,-95886.09375,6756.69384765625,25138.140625
FGItemPickup_Spawnable_317,ModularFrame,9,-95540.9609375,5993.28759765625,25141.291015625
FGItemPickup_Spawnable_318,IronPlateReinforced,17,-94033.625,7305.318359375,25131.138671875
FGItemPickup_Spawnable_319,ModularFrame,10,12318.484375,114981.34375,26325.177734375
FGItemPickup_Spawnable_32,IronScrew,186,-42385.30078125,145751.015625,7646.3447265625
FGItemPickup_Spawnable_320,Computer,9,12022.5048828125,113921.546875,26448.234375
FGItemPickup_Spawnable_321,Wire,150,13006.640625,112786.359375,26485.154296875
FGItemPickup_Spawnable_322,Wire,272,14254.99609375,112712.078125,26543.291015625
FGItemPickup_Spawnable_323,ComputerSuper,11,13315.3876953125,113862.765625,26445.84375
FGItemPickup_Spawnable_324,CircuitBoard,18,14840.724609375,111888.5390625,26565.48828125
FGItemPickup_Spawnable_325,IronPlateReinforced,25,12080.1142578125,112883.0390625,26556.462890625
FGItemPickup_Spawnable_326,Motor,10,13178.46875,111611.109375,26605.7734375
FGItemPickup_Spawnable_327,Wire,281,-3102.3896484375,62116.7734375,21944.73828125
FGItemPickup_Spawnable_328,ComputerSuper,15,-3475.421142578125,63005.66796875,21959.671875
FGItemPickup_Spawnable_329,ModularFrameHeavy,6,-3668.09033203125,61970.0546875,21937.693359375
FGItemPickup_Spawnable_33,IronScrew,189,-43911.77734375,147173.75,7383.67578125
FGItemPickup_Spawnable_330,Motor,8,-3495.191162109375,61398.59375,21829.150390625
FGItemPickup_Spawnable_331,ModularFrame,11,-2524.37353515625,61171.0625,21980.912109375
FGItemPickup_Spawnable_332,Wire,491,-2025.0452880859375,61633.75390625,21881.076171875
FGItemPickup_Spawnable_333,IronScrew,463,-4079.71142578125,62738.9296875,22085.267578125
FGItemPickup_Spawnable_334,Wire,191,-4297.57421875,61557.84765625,21872.03125
FGItemPickup_Spawnable_335,IronPlateReinforced,21,-32719.255859375,4579.10107421875,23418.302734375
FGItemPickup_Spawnable_336,IronPlateReinforced,20,-32491.0390625,3418.9287109375,23473.9453125
FGItemPickup_Spawnable_337,Motor,7,-33158.8125,5611.00830078125,23179.3828125
FGItemPickup_Spawnable_338,Computer,13,-33746.4453125,4487.2763671875,23344.427734375
FGItemPickup_Spawnable_339,AluminumPlateReinforced,9,-31645.07421875,2935.066162109375,23594.0
FGItemPickup_Spawnable_34,IronScrew,500,-46052.66796875,146220.953125,4416.5556640625
FGItemPickup_Spawnable_340,Motor,16,-33481.5859375,3198.018310546875,24716.98046875
FGItemPickup_Spawnable_341,Motor,10,-32879.8828125,2908.181396484375,23490.03125
FGItemPickup_Spawnable_342,AluminumPlateReinforced,11,-33939.92578125,3737.9599609375,23424.498046875
FGItemPickup_Spawnable_343,IronScrew,282,33457.9765625,15930.8857421875,22514.171875
FGItemPickup_Spawnable_344,ModularFrameLightweight,10,33480.078125,14201.201171875,22534.888671875
FGItemPickup_Spawnable_345,IronScrew,102,35118.30078125,17745.796875,22528.900390625
FGItemPickup_Spawnable_346,ModularFrameHeavy,10,34184.73828125,17950.4375,22509.138671875
FGItemPickup_Spawnable_347,ModularFrame,6,32080.421875,17074.39453125,22509.419921875
FGItemPickup_Spawnable_348,ModularFrameHeavy,21,36110.30078125,15600.8427734375,22545.7421875
FGItemPickup_Spawnable_349,IronScrew,273,34840.38671875,15991.544921875,22518.337890625
FGItemPickup_Spawnable_35,Wire,228,-188268.609375,72298.765625,-413.074462890625
FGItemPickup_Spawnable_350,Motor,9,32755.65625,15722.7734375,22511.6640625
FGItemPickup_Spawnable_351,ModularFrame,12,-35970.87109375,114393.09375,21730.642578125
FGItemPickup_Spawnable_352,ModularFrameLightweight,4,-35248.546875,113879.328125,21732.34765625
FGItemPickup_Spawnable_353,Battery,21,-35822.90234375,112914.640625,21720.439453125
FGItemPickup_Spawnable_354,AluminumPlateReinforced,17,-36153.61328125,111629.3046875,24091.59375
FGItemPickup_Spawnable_355,ModularFrame,10,-35420.38671875,115887.3515625,21735.40234375
FGItemPickup_Spawnable_356,Motor,16,-34741.859375,116369.8046875,21730.13671875
FGItemPickup_Spawnable_357,Cable,24,-36375.73828125,113806.9765625,21739.259765625
FGItemPickup_Spawnable_358,CircuitBoard,19,-36396.5703125,112283.078125,21771.625
FGItemPickup_Spawnable_359,ModularFrameHeavy,8,276442.4375,-50821.5625,5993.7509765625
FGItemPickup_Spawnable_36,Wire,216,30197.373046875,268017.03125,-1239.96728515625
FGItemPickup_Spawnable_360,ModularFrame,10,277748.84375,-50866.390625,5993.7529296875
FGItemPickup_Spawnable_361,ModularFrameHeavy,9,277581.28125,-50419.71484375,5993.751953125
FGItemPickup_Spawnable_362,SteelPlateReinforced,23,276245.375,-48675.7421875,5993.7529296875
FGItemPickup_Spawnable_363,IronScrew,276,218350.0,-199331.515625,6516.0859375
FGItemPickup_Spawnable_37,Wire,446,31700.203125,267914.59375,-1354.810302734375
FGItemPickup_Spawnable_376,Wire,216,362717.1875,-217802.625,3902.4775390625
FGItemPickup_Spawnable_38,Wire,69,31019.02734375,266841.46875,-1376.596435546875
FGItemPickup_Spawnable_381,Cable,45,363674.8125,-218775.515625,3931.020751953125
FGItemPickup_Spawnable_39,CircuitBoard,9,29508.7890625,266672.21875,-1331.0228271484375
FGItemPickup_Spawnable_4,IronScrew,342,46199.1015625,139883.65625,13230.8642578125
FGItemPickup_Spawnable_40,CircuitBoard,12,-156933.21875,-64972.19921875,12088.2314453125
FGItemPickup_Spawnable_41,ModularFrame,6,176588.0625,-277024.1875,20853.92578125
FGItemPickup_Spawnable_42,ModularFrame,12,-155906.265625,-65012.7265625,12093.228515625
FGItemPickup_Spawnable_43,ModularFrame,11,177561.5625,-277153.9375,20655.853515625
FGItemPickup_Spawnable_44,ModularFrame,12,-156244.171875,-66537.9453125,12016.216796875
FGItemPickup_Spawnable_45,IronScrew,357,-197484.484375,-59047.10546875,-321.861572265625
FGItemPickup_Spawnable_46,AluminumPlateReinforced,7,-195432.078125,-58507.16796875,-329.85601806640625
FGItemPickup_Spawnable_47,ModularFrame,7,149745.125,146861.421875,7678.3798828125
FGItemPickup_Spawnable_48,Wire,192,-195843.140625,-59762.28515625,-322.87158203125
FGItemPickup_Spawnable_49,CircuitBoard,7,-196314.359375,-58733.95703125,-323.86236572265625
FGItemPickup_Spawnable_5,Cable,12,46921.84375,140010.90625,13225.1455078125
FGItemPickup_Spawnable_50,CircuitBoard,8,-195233.0625,-59654.0078125,-333.4976806640625
FGItemPickup_Spawnable_51,Wire,360,-231917.703125,-50613.14453125,-324.8728942871094
FGItemPickup_Spawnable_52,Cable,48,-233014.1875,-49961.70703125,-323.74853515625
FGItemPickup_Spawnable_53,Motor,12,151317.84375,146695.0625,7678.46337890625
FGItemPickup_Spawnable_54,SteelPlateReinforced,15,-233603.546875,-51221.65234375,-488.5174560546875
FGItemPickup_Spawnable_55,ModularFrame,7,-232978.96875,-52025.58203125,-487.4786376953125
FGItemPickup_Spawnable_56,IronPlateReinforced,21,151462.421875,147162.25,7632.16357421875
FGItemPickup_Spawnable_57,CircuitBoard,9,-200087.265625,-18474.01953125,12092.9287109375
FGItemPickup_Spawnable_58,CircuitBoard,15,-201823.6875,-19853.70703125,12083.1357421875
FGItemPickup_Spawnable_59,Wire,186,-200333.890625,-19153.30078125,12092.7421875
FGItemPickup_Spawnable_6,IronPlateReinforced,24,-189635.1875,115572.53125,-1772.040771484375
FGItemPickup_Spawnable_60,IronScrew,360,-199925.609375,-17440.361328125,12095.0517578125
FGItemPickup_Spawnable_61,Cable,69,-201352.015625,-18617.615234375,12088.0751953125
FGItemPickup_Spawnable_62,IronPlateReinforced,12,-200856.9375,-17918.541015625,12101.85546875
FGItemPickup_Spawnable_63,IronScrew,500,-190398.0625,74589.390625,4920.53515625
FGItemPickup_Spawnable_64,Motor,32,-190227.34375,74502.078125,4905.24951171875
FGItemPickup_Spawnable_65,IronScrew,219,-151702.515625,71019.453125,9739.3564453125
FGItemPickup_Spawnable_66,ModularFrame,12,-154189.0625,72270.359375,10644.56640625
FGItemPickup_Spawnable_67,IronScrew,465,-153988.046875,71827.171875,10508.072265625
FGItemPickup_Spawnable_68,IronScrew,168,-152992.953125,71527.90625,10156.2158203125
FGItemPickup_Spawnable_69,ModularFrame,9,-108890.171875,108465.0703125,9914.7939453125
FGItemPickup_Spawnable_7,Wire,386,-187336.203125,115527.8203125,-1405.241455078125
FGItemPickup_Spawnable_70,SteelPlateReinforced,11,-109494.03125,107370.640625,9956.8916015625
FGItemPickup_Spawnable_71,Computer,12,-190236.671875,74896.921875,4911.3359375
FGItemPickup_Spawnable_72,Cable,56,-190404.5,74895.6328125,4921.35107421875
FGItemPickup_Spawnable_73,IronScrew,240,-124543.453125,-167804.328125,29357.478515625
FGItemPickup_Spawnable_74,IronPlateReinforced,12,-107782.1875,107668.96875,9940.3515625
FGItemPickup_Spawnable_75,Wire,96,-114059.515625,168714.015625,516.1661376953125
FGItemPickup_Spawnable_76,IronPlateReinforced,21,-114115.5625,169178.03125,514.3172607421875
FGItemPickup_Spawnable_77,Cable,57,-115190.65625,169321.28125,397.6085205078125
FGItemPickup_Spawnable_78,ModularFrame,9,-114528.890625,169448.703125,494.799072265625
FGItemPickup_Spawnable_79,ModularFrame,12,-124286.640625,-168630.859375,29257.337890625
FGItemPickup_Spawnable_8,ModularFrameHeavy,12,-188503.625,116051.1640625,-1627.658203125
FGItemPickup_Spawnable_80,Cable,81,-115555.921875,167687.953125,250.3446044921875
FGItemPickup_Spawnable_81,ModularFrame,9,27516.912109375,193961.28125,17074.4375
FGItemPickup_Spawnable_82,Computer,24,-184165.21875,68780.765625,12153.4443359375
FGItemPickup_Spawnable_83,Wire,231,27928.314453125,194827.421875,17060.6875
FGItemPickup_Spawnable_84,Cable,51,27355.228515625,194206.71875,17065.20703125
FGItemPickup_Spawnable_85,SteelPlateReinforced,15,27493.681640625,193056.828125,17187.974609375
FGItemPickup_Spawnable_86,IronPlateReinforced,6,27710.736328125,192925.5625,17222.9765625
FGItemPickup_Spawnable_87,Wire,369,88524.9296875,188124.609375,1329.861572265625
FGItemPickup_Spawnable_88,Motor,7,87810.5703125,188167.765625,1432.714599609375
FGItemPickup_Spawnable_89,ModularFrame,9,88127.5625,187010.890625,1355.184814453125
FGItemPickup_Spawnable_9,IronScrew,339,-188443.765625,114968.25,-1519.69970703125
FGItemPickup_Spawnable_90,Motor,7,89116.1953125,187307.78125,1248.81689453125
FGItemPickup_Spawnable_91,Cable,57,89857.0859375,187350.828125,1163.881103515625
FGItemPickup_Spawnable_92,IronScrew,224,-184269.65625,68654.5703125,12136.806640625
FGItemPickup_Spawnable_93,ModularFrame,9,-56539.40625,-148503.953125,810.51318359375
FGItemPickup_Spawnable_94,SteelPlateReinforced,7,-55109.15625,-148071.75,853.9666748046875
FGItemPickup_Spawnable_95,IronScrew,231,-59074.3203125,-147058.953125,478.0941162109375
FGItemPickup_Spawnable_96,IronScrew,480,-59192.26953125,-148792.59375,236.531005859375
FGItemPickup_Spawnable_97,ModularFrame,9,-58199.45703125,-148520.734375,533.691162109375
FGItemPickup_Spawnable_98,Motor,7,-55209.84375,-150132.6875,384.9541015625
FGItemPickup_Spawnable_99,Wire,428,97748.890625,-146057.984375,7984.22412109375
